name_jurisdiction,name_jurisdiction_iso,is_traditional_tax_haven,is_fatf_blacklist,is_fatf_greylist,is_eu_blacklist_annex_1,is_eu_blacklist_annex_2,is_fsi_top_10,is_fsi_top_20,is_us_secrecy_state,has_recent_fatf_scrutiny,note_jurisdiction,date_source_updated
IRAN,IR,FALSE,TRUE,FALSE,FALSE,FALSE,FALSE,FALSE,FALSE,TRUE,FATF call for action; OFAC comprehensive,2026-02-13
NORTH KOREA,KP,FALSE,TRUE,FALSE,FALSE,FALSE,FALSE,FALSE,FALSE,TRUE,FATF call for action; OFAC comprehensive; UNSC sanctions,2026-02-13
DEMOCRATIC PEOPLE'S REPUBLIC OF KOREA,KP,FALSE,TRUE,FALSE,FALSE,FALSE,FALSE,FALSE,FALSE,TRUE,FATF call for action; OFAC comprehensive; UNSC sanctions,2026-02-13
MYANMAR,MM,FALSE,TRUE,FALSE,FALSE,FALSE,FALSE,FALSE,FALSE,TRUE,FATF call for action; incomplete action plan,2026-02-13
BURMA,MM,FALSE,TRUE,FALSE,FALSE,FALSE,FALSE,FALSE,FALSE,TRUE,FATF call for action; also called Myanmar,2026-02-13
ALGERIA,DZ,FALSE,FALSE,TRUE,FALSE,FALSE,FALSE,FALSE,FALSE,TRUE,FATF increased monitoring,2026-02-13
ANGOLA,AO,FALSE,FALSE,TRUE,FALSE,FALSE,FALSE,FALSE,FALSE,TRUE,FATF increased monitoring,2026-02-13
BOLIVIA,BO,FALSE,FALSE,TRUE,FALSE,FALSE,FALSE,FALSE,FALSE,TRUE,FATF increased monitoring,2026-02-13
BULGARIA,BG,FALSE,FALSE,TRUE,FALSE,FALSE,FALSE,FALSE,FALSE,TRUE,FATF increased monitoring; EU member,2026-02-13
CAMEROON,CM,FALSE,FALSE,TRUE,FALSE,FALSE,FALSE,FALSE,FALSE,TRUE,FATF increased monitoring,2026-02-13
COTE D IVOIRE,CI,FALSE,FALSE,TRUE,FALSE,FALSE,FALSE,FALSE,FALSE,TRUE,FATF increased monitoring,2026-02-13
DR CONGO,CD,FALSE,FALSE,TRUE,FALSE,FALSE,FALSE,FALSE,FALSE,TRUE,FATF increased monitoring,2026-02-13
DEMOCRATIC REPUBLIC OF THE CONGO,CD,FALSE,FALSE,TRUE,FALSE,FALSE,FALSE,FALSE,FALSE,TRUE,FATF increased monitoring,2026-02-13
HAITI,HT,FALSE,FALSE,TRUE,FALSE,FALSE,FALSE,FALSE,FALSE,TRUE,FATF increased monitoring,2026-02-13
KENYA,KE,FALSE,FALSE,TRUE,FALSE,FALSE,FALSE,FALSE,FALSE,TRUE,FATF increased monitoring,2026-02-13
KUWAIT,KW,FALSE,FALSE,TRUE,FALSE,FALSE,FALSE,FALSE,FALSE,TRUE,FATF greylist added 2026-02,2026-02-13
LAOS,LA,FALSE,FALSE,TRUE,FALSE,FALSE,FALSE,FALSE,FALSE,TRUE,FATF increased monitoring,2026-02-13
LEBANON,LB,FALSE,FALSE,TRUE,FALSE,FALSE,FALSE,FALSE,FALSE,TRUE,FATF increased monitoring,2026-02-13
MONACO,MC,FALSE,FALSE,TRUE,FALSE,FALSE,FALSE,FALSE,FALSE,TRUE,FATF increased monitoring; private banking hub,2026-02-13
NAMIBIA,NA,FALSE,FALSE,TRUE,FALSE,FALSE,FALSE,FALSE,FALSE,TRUE,FATF increased monitoring,2026-02-13
NEPAL,NP,FALSE,FALSE,TRUE,FALSE,FALSE,FALSE,FALSE,FALSE,TRUE,FATF increased monitoring,2026-02-13
PAPUA NEW GUINEA,PG,FALSE,FALSE,TRUE,FALSE,FALSE,FALSE,FALSE,FALSE,TRUE,FATF greylist added 2026-02,2026-02-13
SENEGAL,SN,FALSE,FALSE,TRUE,FALSE,FALSE,FALSE,FALSE,FALSE,TRUE,FATF increased monitoring,2026-02-13
SOUTH SUDAN,SS,FALSE,FALSE,TRUE,FALSE,FALSE,FALSE,FALSE,FALSE,TRUE,FATF increased monitoring,2026-02-13
SYRIA,SY,FALSE,FALSE,TRUE,FALSE,FALSE,FALSE,FALSE,FALSE,TRUE,FATF increased monitoring; OFAC,2026-02-13
VENEZUELA,VE,FALSE,FALSE,TRUE,FALSE,FALSE,FALSE,FALSE,FALSE,TRUE,FATF increased monitoring; OFAC,2026-02-13
VIETNAM,VN,FALSE,FALSE,TRUE,TRUE,FALSE,FALSE,FALSE,FALSE,TRUE,FATF greylist + EU Annex I,2026-02-17
BRITISH VIRGIN ISLANDS,VG,TRUE,FALSE,TRUE,FALSE,TRUE,FALSE,TRUE,FALSE,TRUE,FATF greylist + EU Annex II + traditional haven,2026-02-17
YEMEN,YE,FALSE,FALSE,TRUE,FALSE,FALSE,FALSE,FALSE,FALSE,TRUE,FATF increased monitoring,2026-02-13
AMERICAN SAMOA,AS,FALSE,FALSE,FALSE,TRUE,FALSE,FALSE,FALSE,FALSE,TRUE,EU Annex I,2026-02-17
ANGUILLA,AI,TRUE,FALSE,FALSE,TRUE,FALSE,FALSE,FALSE,FALSE,TRUE,EU Annex I + offshore hub,2026-02-17
GUAM,GU,FALSE,FALSE,FALSE,TRUE,FALSE,FALSE,FALSE,FALSE,TRUE,EU Annex I,2026-02-17
PALAU,PW,FALSE,FALSE,FALSE,TRUE,FALSE,FALSE,FALSE,FALSE,TRUE,EU Annex I,2026-02-17
PANAMA,PA,TRUE,FALSE,FALSE,TRUE,FALSE,FALSE,TRUE,FALSE,TRUE,EU Annex I + traditional haven + Panama Papers,2026-02-17
RUSSIAN FEDERATION,RU,FALSE,FALSE,FALSE,TRUE,FALSE,FALSE,FALSE,FALSE,TRUE,EU Annex I + OFAC comprehensive,2026-02-17
RUSSIA,RU,FALSE,FALSE,FALSE,TRUE,FALSE,FALSE,FALSE,FALSE,TRUE,EU Annex I + OFAC comprehensive,2026-02-17
TURKS AND CAICOS,TC,TRUE,FALSE,FALSE,TRUE,FALSE,FALSE,FALSE,FALSE,TRUE,EU Annex I added 2026-02 + offshore hub,2026-02-17
TURKS AND CAICOS ISLANDS,TC,TRUE,FALSE,FALSE,TRUE,FALSE,FALSE,FALSE,FALSE,TRUE,EU Annex I added 2026-02 + offshore hub,2026-02-17
US VIRGIN ISLANDS,VI,FALSE,FALSE,FALSE,TRUE,FALSE,FALSE,FALSE,FALSE,TRUE,EU Annex I,2026-02-17
VANUATU,VU,TRUE,FALSE,FALSE,TRUE,FALSE,FALSE,FALSE,FALSE,TRUE,EU Annex I + historical offshore hub,2026-02-17
BELIZE,BZ,TRUE,FALSE,FALSE,FALSE,TRUE,FALSE,FALSE,FALSE,TRUE,EU Annex II + offshore hub,2026-02-17
BRUNEI DARUSSALAM,BN,FALSE,FALSE,FALSE,FALSE,TRUE,FALSE,FALSE,FALSE,TRUE,EU Annex II,2026-02-17
ESWATINI,SZ,FALSE,FALSE,FALSE,FALSE,TRUE,FALSE,FALSE,FALSE,TRUE,EU Annex II,2026-02-17
GREENLAND,GL,FALSE,FALSE,FALSE,FALSE,TRUE,FALSE,FALSE,FALSE,TRUE,EU Annex II,2026-02-17
JORDAN,JO,FALSE,FALSE,FALSE,FALSE,TRUE,FALSE,FALSE,FALSE,TRUE,EU Annex II,2026-02-17
MONTENEGRO,ME,FALSE,FALSE,FALSE,FALSE,TRUE,FALSE,FALSE,FALSE,TRUE,EU Annex II,2026-02-17
MOROCCO,MA,FALSE,FALSE,FALSE,FALSE,TRUE,FALSE,FALSE,FALSE,TRUE,EU Annex II,2026-02-17
TURKEY,TR,FALSE,FALSE,FALSE,FALSE,TRUE,FALSE,FALSE,FALSE,TRUE,EU Annex II,2026-02-17
TURKIYE,TR,FALSE,FALSE,FALSE,FALSE,TRUE,FALSE,FALSE,FALSE,TRUE,EU Annex II,2026-02-17
UNITED STATES,US,FALSE,FALSE,FALSE,FALSE,FALSE,TRUE,TRUE,FALSE,FALSE,FSI 2025 rank 1 overall; drivers are DE/NV/WY/SD,2025-06-01
UNITED STATES OF AMERICA,US,FALSE,FALSE,FALSE,FALSE,FALSE,TRUE,TRUE,FALSE,FALSE,FSI 2025 rank 1 overall,2025-06-01
SWITZERLAND,CH,FALSE,FALSE,FALSE,FALSE,FALSE,TRUE,TRUE,FALSE,FALSE,FSI 2025 rank 2; substantially reformed post-FATCA,2025-06-01
SINGAPORE,SG,FALSE,FALSE,FALSE,FALSE,FALSE,TRUE,TRUE,FALSE,FALSE,FSI 2025 rank 3; major Asia fund hub,2025-06-01
HONG KONG,HK,FALSE,FALSE,FALSE,FALSE,FALSE,TRUE,TRUE,FALSE,FALSE,FSI 2025 rank 4,2025-06-01
LUXEMBOURG,LU,FALSE,FALSE,FALSE,FALSE,FALSE,TRUE,TRUE,FALSE,FALSE,FSI 2025 rank 5; dominant EU fund domicile,2025-06-01
GERMANY,DE,FALSE,FALSE,FALSE,FALSE,FALSE,TRUE,TRUE,FALSE,FALSE,FSI 2025 rank 6,2025-06-01
NETHERLANDS,NL,FALSE,FALSE,FALSE,FALSE,FALSE,TRUE,TRUE,FALSE,FALSE,FSI 2025 rank 7,2025-06-01
SOUTH KOREA,KR,FALSE,FALSE,FALSE,FALSE,FALSE,TRUE,TRUE,FALSE,FALSE,FSI 2025 rank 8 new entrant,2025-06-01
GUERNSEY,GG,TRUE,FALSE,FALSE,FALSE,FALSE,TRUE,TRUE,FALSE,TRUE,FSI 2025 rank 9 + traditional haven,2025-06-01
JAPAN,JP,FALSE,FALSE,FALSE,FALSE,FALSE,TRUE,TRUE,FALSE,FALSE,FSI 2025 rank 10,2025-06-01
CAYMAN ISLANDS,KY,TRUE,FALSE,FALSE,FALSE,FALSE,FALSE,TRUE,FALSE,TRUE,Removed FATF greylist 2023-10; traditional haven,2023-10-27
BERMUDA,BM,TRUE,FALSE,FALSE,FALSE,FALSE,FALSE,TRUE,FALSE,FALSE,Traditional haven; reinsurance hub,2025-01-01
JERSEY,JE,TRUE,FALSE,FALSE,FALSE,FALSE,FALSE,TRUE,FALSE,FALSE,Traditional haven; Crown Dependency,2025-01-01
ISLE OF MAN,IM,TRUE,FALSE,FALSE,FALSE,FALSE,FALSE,TRUE,FALSE,FALSE,Traditional haven; Crown Dependency,2025-01-01
BAHAMAS,BS,TRUE,FALSE,FALSE,FALSE,FALSE,FALSE,TRUE,FALSE,TRUE,Traditional haven; removed FATF greylist 2020,2025-01-01
MAURITIUS,MU,TRUE,FALSE,FALSE,FALSE,FALSE,FALSE,FALSE,FALSE,TRUE,Traditional haven; Africa-Asia tax-treaty conduit,2025-01-01
MARSHALL ISLANDS,MH,TRUE,FALSE,FALSE,FALSE,FALSE,FALSE,FALSE,FALSE,TRUE,Traditional haven; shipping flag,2025-01-01
DELAWARE,US-DE,FALSE,FALSE,FALSE,FALSE,FALSE,FALSE,FALSE,TRUE,FALSE,US secrecy state; no public BO register,2025-01-01
NEVADA,US-NV,FALSE,FALSE,FALSE,FALSE,FALSE,FALSE,FALSE,TRUE,FALSE,US secrecy state,2025-01-01
WYOMING,US-WY,FALSE,FALSE,FALSE,FALSE,FALSE,FALSE,FALSE,TRUE,FALSE,US secrecy state,2025-01-01
SOUTH DAKOTA,US-SD,FALSE,FALSE,FALSE,FALSE,FALSE,FALSE,FALSE,TRUE,FALSE,US secrecy state; dynasty trusts,2025-01-01
